{
    "data": [
        "a",
        "b",
        "c",
        "d",
        "e",
        "f",
        "g",
        "h",
        "i",
        "j",
        "k",
        "l"
    ],
    "graph": {
        "X": [
            56.665993771641574,
            45.457094500215334,
            81.1112091670871,
            39.32939149555677,
            58.25214133792596,
            54.45875574123275,
            43.59913523556022,
            65.45332822084322,
            9.65716874638044,
            49.59075028294674,
            125.5996121661286,
            65.16320818650142
        ],
        "Y": [
            92.53501092868848,
            119.12953887289254,
            22.187621409348942,
            68.149000042625,
            43.5660145407974,
            20.29176248736934,
            67.48080843432534,
            68.30932244249749,
            34.641110568787994,
            3.5076987803486377,
            36.741395212738404,
            90.52971675097811
        ]
    }
}