{
    "data": [
        "a",
        "b",
        "c",
        "d",
        "e",
        "f",
        "g",
        "h",
        "i",
        "j",
        "k",
        "l"
    ],
    "graph": {
        "X": [
            72.32291814723871,
            58.785421333261986,
            69.37750577727324,
            44.99794276231265,
            57.50522112801304,
            52.93608386366937,
            55.61811581344106,
            62.57285346767632,
            9.65716874638044,
            55.12603631233203,
            83.76290114817334,
            71.67562035224792
        ],
        "Y": [
            76.87808655309134,
            87.59670393117688,
            33.9213247991628,
            62.48044877586913,
            69.5476559411908,
            31.638970869375772,
            55.4618278564445,
            65.42884768933058,
            34.641110568787994,
            9.04298480973393,
            78.57810623069366,
            84.01730458523161
        ]
    }
}